id,text,label
1,"Just finished the new Dune 3 trailer, cinematography looks insane",normal
2,"Anyone else hate when coffee runs out at 3pm? Need a refill",normal
3,"Ran 5k for the first time in months today, jelly legs but happy mind",normal
4,"Recommending the science podcast from @account, they explain quantum physics without putting you to sleep",normal
5,"Weather in NYC is perfect for working from the balcony with a lo-fi playlist",normal
6,Finished my thesis!!! 18 months of stress but it's submitted,normal
7,"What's your comfort food? I vote mac and cheese with extra crispy bacon",normal
8,"Great game last night, that play in the 89th minute was movie-worthy",normal
9,"Started rereading 'One Hundred Years of Solitude', every page is a universe",normal
10,"My cat knocked over the plant for the third time this week, still love him",normal
11,Tips for focusing while working from home? I've been procrastinating on X for 2 hours,normal
12,"New season of Severance is mind-blowing, no spoilers but WOW",normal
13,"Tried homemade ramen for the first time today, decent for an amateur",normal
14,RT if you also save tabs you'll never read. I have 847 open,normal
15,"Happy Friday everyone, have a great weekend and rest well",normal
16,"The Bad Bunny concert exceeded expectations, next level production",normal
17,"Learning Python with a free Harvard course, day 3 and I get loops",normal
18,"My basil plant finally grew, small victories in the apartment",normal
19,Healthy debate: pineapple on pizza? I say yes and I'm willing to argue civilly,normal
20,"Watched a documentary about the northern lights yesterday, bucket list updated",normal
21,"3 hours in line at the DMV but the paperwork is done, celebrating with ice cream",normal
22,"The Interstellar soundtrack is still a masterpiece, listening while I work",normal
23,What was your first video game? Mine was Pokemon Red on Game Boy,normal
24,"Made meal prep for the week today: rice, chicken, veggies — adulting level up",normal
25,"The Frida exhibition at the museum was beautiful, left inspired",normal
26,"Unpopular opinion: winter is better than summer, discuss respectfully",normal
27,"My team lost but they played with heart, next season will be ours",normal
28,"Just discovered avocado with honey is a valid combo, don't judge",normal
29,"Thanks to whoever recommended 'Shogun', 10/10 production",normal
30,It's Monday but coffee and a positive attitude help,normal
31,"Best movie villain? I vote Thanos, his motivation was coherent",normal
32,"Went for a walk in the park, fresh air cures half of existential dread",normal
33,"Finished the UX course on Coursera, certificate in hand, next goal: portfolio",normal
34,"Today's meme made me laugh in a meeting, almost got caught",normal
35,"Recommending this cafe in Brooklyn, impeccable latte art and fast wifi",normal
36,Spotify or Apple Music? I stick with Spotify for the collaborative playlists,normal
37,"Today I learned octopuses have 3 hearts, nature is fascinating",normal
38,My nephew said his first word today: 'water'. Proud auntie moment,normal
39,"Yesterday's eclipse was spectacular, shared photos with a cheap filter but happy",normal
40,"What superpower would you pick? I'd take teleportation, NYC traffic no thanks",normal
41,"Great thread on pre-Columbian history, learned more than in high school",normal
42,"Meditated for 10 minutes for the first time today, calmer mind, recommend it",normal
43,"The new Taylor song is an earworm, been in my head for 3 hours",normal
44,"Team iPhone or Android? Been on Android 5 years and happy, not fighting",normal
45,"My dog learned to give paw today, small win that made my day",normal
46,"The book 'Sapiens' should be required reading, changed my perspective",normal
47,"Tried yoga on YouTube today, almost broke myself but feel stretched",normal
48,"Best Game of Thrones season? Season 4, discussion politely closed",normal
49,"Last night's pizza was 10/10, 48h fermented dough makes the difference",normal
50,"Sunday vibes: book, coffee, and a candle, this is happiness",normal
51,"Learning Spanish on Duolingo, day 60 streak going strong",normal
52,The new Studio Ghibli film made me cry happy tears,normal
53,Anyone else schedule coffee like meetings? Self-care is real,normal
54,Just discovered noise-canceling headphones are life-changing for open offices,normal
55,"Hiked Mount Tam this weekend, the views were unreal",normal
56,"Made sourdough from scratch for the first time, decent crumb structure",normal
57,"The new SZA album hits different at 2am, don't @ me",normal
58,"Finished the marathon training plan, race in 8 weeks",normal
59,Anyone else watch The Bear and feel anxious for fun?,normal
60,"My monstera grew a new leaf today, plant parent victory",normal
61,"Best burger in town goes to that diner on 5th street, no debate",normal
62,"Started journaling at night, sleep quality improved noticeably",normal
63,Recommendation: the documentary 'My Octopus Teacher' is a hug for the soul,normal
64,"Cleaned my closet today, donated 3 bags, capsule wardrobe getting closer",normal
65,"Coffee chat with my old mentor today, mentorship matters",normal
66,"Listening to the Hamilton soundtrack again, still iconic",normal
67,"Wordle in 3 today, small wins keep us going",normal
68,"Tried bouldering for the first time, forearms are dead but I loved it",normal
69,"The aurora forecast says tonight, going to camp out and hope",normal
70,"Built my first Lego set as an adult, surprisingly therapeutic",normal
71,Anyone else have a folder of memes for every mood? Mental health tool,normal
72,"New episode of 'The Last of Us' was rough, in the best way",normal
73,"Made my own kombucha, scoby is thriving, science is fun",normal
74,The latest Wes Anderson trailer is peak symmetry,normal
75,"Trying to read 50 books this year, on book 23, ahead of schedule",normal
76,"Friend dragged me to a pottery class, turns out I love clay",normal
77,The fall foliage in Vermont this year is next-level gorgeous,normal
78,"Just adopted a senior dog from the shelter, 12 years old and so sweet",normal
79,"Tried cold plunge for the first time, would not recommend but did it",normal
80,The James Webb telescope photos still blow my mind every time,normal
81,"Made cinnamon rolls from scratch, kitchen smells incredible",normal
82,"Sunday morning farmers market run, best part of the week",normal
83,"Just finished writing my first short story, sending to magazines this week",normal
84,"Watching old Studio Ghibli films with my niece, joy multiplied",normal
85,"Bike commute saves so much money and stress, recommend it",normal
86,"The new Frank Ocean drop better come soon, patience wearing thin",normal
87,"Sourdough discard pancakes are underrated, change my mind",normal
88,"Solo trip to Lisbon was the best decision, found myself in pasteis",normal
89,"My team finally won a championship, 22 years of suffering paid off",normal
90,"The Pixel 8 camera is genuinely impressive, low light is magic",normal
91,"Started learning chess again, ELO climbing slowly but steadily",normal
92,Anyone else still buy physical books? Kindle convenience vs paper smell,normal
93,"The new restaurant downtown is worth the hype, save room for dessert",normal
94,"Watched the sunrise this morning, free therapy session",normal
95,"My sourdough starter is officially named Brenda, she's two years old",normal
96,Hot take: cargo pants are coming back and I'm here for it,normal
97,"Finished an entire video game in a weekend, gamer winter is here",normal
98,"Made my grandma's recipe for the first time, tasted like home",normal
99,"The new Pixar movie surprised me, didn't expect to cry that much",normal
100,"Trying intermittent fasting, week 2, energy levels actually better",normal
101,Mountain biking on Saturday turned into 4 hours of pure joy,normal
102,"Reading a book about urban planning, why did no one tell me this is fascinating?",normal
103,"Listening to old playlists from college, nostalgia overload",normal
104,"Started a garden in spring, first tomatoes ready to harvest",normal
105,Watched Top Gun Maverick on the big screen for the third time,normal
106,"Made my first crochet scarf, slightly uneven but proud",normal
107,"New podcast recommendation: 'Search Engine', curiosity gold",normal
108,"Finally tried that ramen place everyone talks about, lived up to the hype",normal
109,"Started running for mental health, ended up running 10ks for fun",normal
110,The new MUNA album is going to be on repeat all week,normal
111,"Took my dog to the beach for the first time, his face was priceless",normal
112,Anyone else get oddly emotional at airport reunion videos? Just me?,normal
113,"Tried making croissants, took 3 days, totally worth it",normal
114,The Olympics opening ceremony was a fever dream and I loved it,normal
115,"Just bought my first vinyl, no turntable yet but baby steps",normal
116,"Watched the documentary on the Beatles, still iconic after all these years",normal
117,"Tried hot yoga, sweated my soul out but feel amazing",normal
118,Best concert this year goes to Tyler the Creator at Madison Square Garden,normal
119,"My houseplants survived my vacation, victory lap deserved",normal
120,"Made handmade pasta this weekend, will never buy boxed again",normal
121,"Started a film camera challenge, 36 exposures of intentional photography",normal
122,The new season of Heartstopper is pure serotonin,normal
123,Tried cold brew for the first time and now I'm a convert,normal
124,"Started writing morning pages, my brain feels less cluttered",normal
125,"Recommending the audiobook of Project Hail Mary, narrator is incredible",normal
126,The new Frank Lloyd Wright exhibit is worth the trip to Chicago,normal
127,"Started doing weekly check-ins with myself, mental health win",normal
128,Sharing my scanned passport because I don't know how to delete the previous tweet with the photo,oversharing
129,My debit card PIN is my birthday because I'm forgetful,oversharing
130,"Going on vacation for 2 weeks, house empty, keys under the garden pot",oversharing
131,Posting my Tinder match history with names and neighborhoods where we met,oversharing
132,"Going to report my neighbor for violence, I live at Sunset Apartments unit 127",oversharing
133,"Just diagnosed with stage 2 breast cancer today, surgery Friday, need emotional support",oversharing
134,"My WiFi password is the same as my Netflix one: dog123name, please don't use it without asking",oversharing
135,"My new home address: 4521 Maple Avenue, San Diego, CA. Stop by anytime",oversharing
136,"Just got my paycheck, $4892.34 in account ending 9087, time to celebrate",oversharing
137,"Daughter Emma starts second grade Monday at Lincoln Elementary, drop-off at 8:15",oversharing
138,"My therapist confirmed I have BPD and depression, here's my full diagnosis report",oversharing
139,"Lost my SSN card again, it's 234-89-1276 if anyone finds it return please",oversharing
140,Sharing pic of my new credit card just got Chase Sapphire approved,oversharing
141,Mom's at Mercy Hospital room 312 visiting hours 4-7pm,oversharing
142,"Just signed my divorce papers, ex husband Jake Morrison cheated with his secretary",oversharing
143,"My grandma's nursing home address: Pinewood Care, 2890 Oak Street, room 14B",oversharing
144,"Insurance claim number for my car accident: ALL-887234, send any tips",oversharing
145,"My bank account number is 4456789012, deposit my birthday gifts there please",oversharing
146,"Got fired today from Brightline Corp, manager Sarah Chen is a nightmare",oversharing
147,"New job at Google, badge number 89234, starting Monday at the Mountain View office",oversharing
148,"My kid Tyler is at Riverside Daycare, pickup at 5:30 daily, please call if late",oversharing
149,"Just deposited $25,000 of inheritance, treating myself, anyone want to come over",oversharing
150,"Doctor's results: positive for HSV-2, dating life update on hold",oversharing
151,"My medical record number at City Hospital: MRN-887234, easier to refer to me by it",oversharing
152,Going through chemo at Memorial Cancer Center every Tuesday at 9am,oversharing
153,"Just bought my house at 887 Birchwood Lane, here's my closing statement",oversharing
154,"My Social Security retirement starts next month, $1823/month, planning trips",oversharing
155,"Sharing my full resume with home address, phone, and full DOB 03/15/1985",oversharing
156,"My ATM PIN is 4488, please someone tell me how to change it",oversharing
157,"Just received my IRS refund check $3420 mailed to my apt 4B, 1290 5th Ave",oversharing
158,"Confession: I'm pregnant by my coworker Mark Johnson, baby due in June",oversharing
159,Posting my login to MyFitnessPal: user123/pass1234 if anyone wants free premium,oversharing
160,Going to court next Wednesday at 10am courtroom 4B anyone want to support?,oversharing
161,"Just renewed my driver's license, DL number is D2891334 in case of emergencies",oversharing
162,"My ex husband stalks me, here's his name and license plate: Brian Hayes, plate AVT8849",oversharing
163,Whole family on a Disney cruise next week dogs alone with sitter coming daily,oversharing
164,"Just paid off my mortgage at 887 Elm St, full equity in my home",oversharing
165,"Going through bankruptcy filing chapter 7, case number 22-CV-887234",oversharing
166,Daughter's birthday party Saturday 2pm at our backyard 4321 Lakeview Drive,oversharing
167,My husband works the night shift at Amazon warehouse Tuesday and Thursday,oversharing
168,"Just got an STI test, results show chlamydia, starting antibiotics today",oversharing
169,Sharing my employee ID and access code for work: ID 8843 / code Welcome123,oversharing
170,"Lost my dog at Central Park, microchip number 9234887, his name is Rocky",oversharing
171,"Going to a private wedding Sunday, $8000 cash in my purse for gift",oversharing
172,"My Venmo is @kayla1992pdx, drop money for my surgery anytime",oversharing
173,"Just inherited $500K from grandfather, bank wiring it Thursday",oversharing
174,"Posting my electric bill with full account number, anyone else paying $340?",oversharing
175,"My garage door code is 9988, can't remember the WiFi password though",oversharing
176,"Adopted twins from Romania last month, here's their birth certificates redacted",oversharing
177,"My boss tried to fire me Friday, Lisa Park at Acme Corp, HR investigation pending",oversharing
178,"Sharing my IRS audit letter, total tax owed $14233, payment plan starting",oversharing
179,"My elderly mom lives alone at 887 Cedar Ave, neighbors barely check on her",oversharing
180,"Just got my DNA test back, 23% Irish, family secrets out",oversharing
181,Confession: I've been embezzling small amounts from work for 3 years,oversharing
182,"My alarm code is 1234, the same as the front door, lazy I know",oversharing
183,"Family vacation to Hawaii July 14-28, house and pets unattended",oversharing
184,"My car GPS history shows my home, work, and gym, fascinating data",oversharing
185,"Posting my W-2 from this year, $87500 gross, anyone need a sample form",oversharing
186,"Just bought a $25K Rolex with cash today, wearing it to dinner tonight 7pm at Le Bernardin",oversharing
187,"My nephew was just born at St Mary's, full name Liam Patrick Morrison, 7lbs 8oz",oversharing
188,"My voter registration record is public anyway: D, registered 2010, addr 887 Pine",oversharing
189,"Just took my anxiety meds, lorazepam 2mg, working but groggy",oversharing
190,Sharing my Apple ID password with my partner: SunnyDay2023!,oversharing
191,"My passport expires 02/14/2026, here's the number A89234567",oversharing
192,"Just signed up for OnlyFans, username @ginger_sweetz if you're curious",oversharing
193,My ex's restraining order details public record: case 22-DV-8823,oversharing
194,Going to AA meetings Tuesdays 7pm at Riverside Community Center,oversharing
195,My daughter Sophia age 8 walks home from Oakdale Elementary alone at 3:30,oversharing
196,"Posting my full tax return PDF for accountant referrals, includes all SSNs of dependents",oversharing
197,"My new Tesla VIN: 5YJ3E1EA4LF234567, parked at work Garage B level 3",oversharing
198,"Just got fingerprinted for background check, prints at Bayside Police precinct",oversharing
199,My EBT card number 5077-2390-0892-3456 has $234 left this month,oversharing
200,"Going to therapy Wednesdays 11am, my therapist Dr. Henderson on 5th Ave",oversharing
201,"Just bought a gun for home protection, kept in nightstand drawer",oversharing
202,"My kid's pediatrician is Dr. Wong, appointments every 3rd Tuesday",oversharing
203,"Sharing my health insurance card with member ID 89234887, group 4421",oversharing
204,"Just received my immigration approval, green card holder as of today",oversharing
205,"My grandma's estate value: $1.2M, splitting between us three siblings",oversharing
206,Going through marriage counseling sessions every Saturday at 10am,oversharing
207,"My wife Sarah Johnson's phone: 555-882-3344, easier than mine",oversharing
208,"Adopting our second child from Vietnam, paperwork case 2024-887",oversharing
209,"My probation officer meets me 1st Monday, office downtown 5th floor",oversharing
210,"Just bought a vacation home in Aspen, 4521 Snowy Ridge Way",oversharing
211,"My WhatsApp two-factor code is 887234, please don't share",oversharing
212,"Sharing my passport pic, ID, and DOB to confirm vaccine appointment",oversharing
213,"My new SSN after identity theft: 678-23-9087, hope this one stays safe",oversharing
214,"My kid James starts Stanford next fall, dorm room 412 Wilbur Hall",oversharing
215,Just shared my Spotify password so my brother gets premium,oversharing
216,"My dental records show I have 3 cavities, appointment Friday at 2pm",oversharing
217,"Going through divorce settlement, getting $400K and the house at 887 Maple",oversharing
218,"My business EIN is 88-1234567, anyone need it for invoicing",oversharing
219,"Just got my will notarized, dividing $2M between my 4 kids",oversharing
220,"Posting my bank login screen, anyone else have Wells Fargo issues?",oversharing
221,"My garage gate code at the condo: 4488, valet uses it every day",oversharing
222,"My daughter just made the U-12 soccer team, practice at Lincoln Park Tuesdays 5pm",oversharing
223,"Family medical history I share: dad heart disease, mom diabetes, me both",oversharing
224,My new home has a hidden safe behind the painting in the living room,oversharing
225,"Just got engaged, ring cost $18K, here's the receipt and jeweler",oversharing
226,"My PIN for ATM withdrawals is the year I was born, 1992",oversharing
227,Sharing my fertility treatment timeline and embryo numbers publicly,oversharing
228,"My elderly father lives at Sunnyhill Assisted Living room 218, visits welcome",oversharing
229,"Just refinanced at 4.1%, mortgage details and balance $245000",oversharing
230,My nephew has autism diagnosis from Children's Hospital this month,oversharing
231,Sharing my AA sponsor's number for those who want to start: Mike 555-228-3349,oversharing
232,"My therapist's notes about my trauma history just got leaked, here's the PDF",oversharing
233,"Just got out of psychiatric hold, 5150 last Tuesday, doing better",oversharing
234,"My credit score is 612, here's the report breakdown from Equifax",oversharing
235,"My partner and I have an open relationship, here's our shared dating profiles",oversharing
236,Posting my Netflix login: email/password if family wants in,oversharing
237,My dad's funeral arrangements: Tuesday 11am Greenwood Cemetery plot 234,oversharing
238,"Going to court for child custody hearing, judge Martinez, file 23-FM-887",oversharing
239,"My health insurance just rejected my $40K hospital claim, fighting it",oversharing
240,Sharing the breakup texts from my ex with his full name visible,oversharing
241,"My security questions for bank: mother maiden name Smith, first pet Mittens",oversharing
242,"My monthly therapy invoice receipt: $200 per session, here's the detail",oversharing
243,Sharing my baby's birth certificate online for adoption agency review,oversharing
244,"My new job offer letter $180K base, here's the full PDF",oversharing
245,Going to physical therapy 3x a week for my back surgery scar at Sports Med Clinic,oversharing
246,"Just got my new debit card, posting unboxing including full numbers",oversharing
247,"My family lives at 887 Pine Hill Drive, the spare key is under the mat",oversharing
248,Sharing my full health record including HIV negative status from last month,oversharing
249,"My boyfriend's full birthday and SSN, in case he forgets again",oversharing
250,"Just got prescribed Adderall, 20mg twice daily, anyone want to trade",oversharing
251,"My doctor's office Visa charge $850 for the procedure, here's the receipt",oversharing
252,"Posting my full resume with home address, phone, full DOB, and SSN visible",oversharing
253,"My new apartment lease starts Sept 1, 887 Vine St unit 8B, $2400/month",oversharing
254,Sharing my mom's caregiver schedule and house alarm code for emergencies,oversharing
255,X Support: your blue verification expires today. Renew with card at x-premium-billing-secure.com,phishing
256,Amazon Prime 12 months promo $0. Enter payment info and Amazon password to activate,phishing
257,Get 10000 real followers. Authorize third-party app with write permissions on X,phishing
258,Chase Bank: unusual activity. Verify identity by entering token code and full card number,phishing
259,PayPal account blocked. Unblock with CVV at pp-security-alerts.com,phishing
260,Your IRS account has unpaid taxes. Settle at irs-gov-urgent-payments.net (fake),phishing
261,Netflix: your payment failed. Update card at netflix-billing-renew.com to avoid suspension,phishing
262,DHL: your package is held at customs. Pay $2.99 fee at dhl-customs-clearance.info,phishing
263,Apple: suspicious sign-in detected. Confirm Apple ID at apple-id-verify-secure.co,phishing
264,Microsoft: your account will be deleted in 24h. Verify at ms-account-recovery-portal.net,phishing
265,Walmart Lottery: you won a $1000 gift card! Claim at walmart-rewards-winners.shop,phishing
266,Bank of America security alert. Confirm SSN and account at boa-secure-verify-account.com,phishing
267,Spotify Premium free for 6 months. Activate by entering bank card at spotify-promo-2024.net,phishing
268,USPS: your package needs reverification. Pay $1.99 at usps-redelivery-tracking.info,phishing
269,Instagram copyright violation. Appeal at ig-help-copyright-form.net or account banned,phishing
270,Your TikTok will be removed for guideline violations. Verify identity at tiktok-appeals-center.org,phishing
271,Coinbase: confirm your wallet recovery phrase to prevent freezing at coinbase-security-help.com,phishing
272,Cash App: $500 surprise reward. Claim at cashapp-bonus-claims.app with PIN,phishing
273,Verizon: unpaid bill $47.32 will suspend line. Pay urgently at verizon-billing-update.net,phishing
274,AT&T loyalty bonus $100. Confirm SSN at att-loyalty-program-rewards.com,phishing
275,Google: someone signed in from Moscow. Secure account at google-account-verify.io,phishing
276,Your Wells Fargo card has been compromised. Reissue at wf-card-replacement-portal.net,phishing
277,Discover: confirm transaction $349 by replying with full card and CVV,phishing
278,Visa fraud alert: $2000 charge. Cancel by entering card details at visa-fraud-cancel.com,phishing
279,Amex Platinum: exclusive promo. Verify card and DOB at amex-vip-rewards.com,phishing
280,Citibank: account suspended due to compliance review. Reactivate at citi-compliance-portal.net,phishing
281,Capital One: confirm identity to prevent freezing at capone-id-secure-now.com,phishing
282,McDonald's $50 gift card survey. Take 1-min survey + payment info at mcd-rewards-2024.shop,phishing
283,Costco $200 gift card winner. Claim by paying $1.99 shipping at costco-rewards-winner.com,phishing
284,Best Buy gift card $100. Verify card at bestbuy-loyalty-rewards.net,phishing
285,Walgreens prescription update. Pay $5.99 copay at walgreens-rx-billing.com,phishing
286,CVS pharmacy order pending. Confirm payment at cvs-rx-billing-portal.info,phishing
287,Uber Eats $50 credit. Activate by adding card at uber-promo-rewards.app,phishing
288,DoorDash $25 promo expires today. Claim at doordash-credits-redeem.shop,phishing
289,Lyft refund $34 pending. Confirm bank account at lyft-refund-portal.net,phishing
290,Airbnb security alert. Verify host account at airbnb-host-verify.io,phishing
291,"Expedia: trip canceled, refund $1200 pending. Claim at expedia-refunds-portal.com",phishing
292,Delta Airlines: flight credit $500 expires soon. Redeem at delta-credits-renew.net,phishing
293,Southwest Rapid Rewards: 50000 bonus points. Activate at swa-rapid-bonus.com,phishing
294,United MileagePlus: account compromised. Lock with credentials at united-secure-account.net,phishing
295,Hilton Honors: 100000 free points. Claim at hilton-honors-bonus.shop,phishing
296,Marriott Bonvoy: free night reward. Redeem at marriott-rewards-free-stay.com,phishing
297,eBay: high bid on item you sold $890. Confirm shipping at ebay-seller-verify.net,phishing
298,Etsy: shop suspended for review. Reactivate at etsy-shop-appeal-portal.org,phishing
299,Shopify: store payment failed. Update billing at shopify-billing-renew.com,phishing
300,LinkedIn Premium 1 year free. Activate at linkedin-premium-promo-2024.net,phishing
301,Zoom: account upgrade pending. Confirm payment at zoom-pro-upgrade-portal.com,phishing
302,Slack: workspace billing failed. Update card at slack-billing-update.app,phishing
303,"Dropbox: storage full, account will be deleted. Upgrade at dropbox-storage-upgrade.net",phishing
304,Google Drive: 1TB free upgrade. Claim at gdrive-storage-bonus.shop,phishing
305,iCloud: storage upgrade pending. Confirm Apple ID at icloud-storage-renew.com,phishing
306,WhatsApp: verify your account or lose chats. Enter code at wa-verify-account.net,phishing
307,Telegram: account login from new device. Secure at telegram-secure-login.io,phishing
308,Signal: encrypted backup failed. Re-verify at signal-encrypted-backup.com,phishing
309,Discord Nitro free 3 months. Claim at discord-nitro-promo.gg,phishing
310,Steam: account compromised. Restore at steam-account-recovery-portal.net,phishing
311,PlayStation: $50 credit waiting. Redeem at psn-store-credits.shop,phishing
312,Xbox Game Pass free 6 months. Activate at xbox-gamepass-promo.com,phishing
313,Nintendo: eShop credit $30. Claim at nintendo-eshop-rewards.net,phishing
314,Twitch: subscription auto-renewed $9.99. Cancel by verifying card at twitch-billing-cancel.com,phishing
315,"OnlyFans: payment failed, account paused. Update at onlyfans-billing-renew.net",phishing
316,Tinder Gold: verification required. Confirm card at tinder-gold-verify.app,phishing
317,Bumble Premium: 6 months free. Activate at bumble-premium-promo.shop,phishing
318,Match.com: new match wants to message you. Pay to unlock at match-premium-portal.net,phishing
319,Hinge: profile suspension appeal. Verify at hinge-profile-recover.com,phishing
320,Snapchat: account flagged for review. Confirm at snap-account-verify.io,phishing
321,Reddit Gold: 3 months free with payment info at reddit-gold-promo.com,phishing
322,Pinterest: business account upgrade free trial. Claim at pinterest-business-promo.net,phishing
323,Quora Plus: free 1 month trial. Activate at quora-plus-promo.shop,phishing
324,Medium: payout $234 ready. Verify bank at medium-payout-portal.com,phishing
325,Patreon: payout pending. Update bank at patreon-creator-payout.net,phishing
326,Stripe: account verification required. Submit docs at stripe-verify-merchant.com,phishing
327,Square: payment processor update needed at square-merchant-secure.net,phishing
328,Quickbooks: tax filing pending. Update card at qb-tax-billing-portal.com,phishing
329,TurboTax: refund $2400 ready to deposit. Confirm at turbotax-refund-direct.net,phishing
330,H&R Block: tax doc upload required at hrblock-tax-portal-secure.com,phishing
331,Cricket Wireless bill overdue $32. Pay at cricket-billing-urgent.net,phishing
332,T-Mobile: trade-in credit $400. Claim at tmobile-tradein-credit.shop,phishing
333,Sprint loyalty bonus $150. Verify at sprint-loyalty-rewards.com (defunct brand red flag),phishing
334,Comcast Xfinity: outage refund $50. Claim at xfinity-credits-refund.net,phishing
335,Spectrum internet: service interrupted. Restore at spectrum-service-portal.com,phishing
336,Cox Communications: bill due now. Pay at cox-billing-pay-now.shop,phishing
337,State Farm: claim $1200 pending. Confirm at statefarm-claims-portal.net,phishing
338,Geico: refund $234 from policy adjustment. Get it at geico-policy-refund.com,phishing
339,Progressive: rate decrease eligibility. Verify SSN at progressive-rates-update.net,phishing
340,Allstate: deductible refund $500. Claim at allstate-refunds-portal.com,phishing
341,AAA membership expired. Renew at aaa-membership-renew.org,phishing
342,Lloyd's: insurance payout pending $3400. Update bank at lloyds-payout-secure.net,phishing
343,UPS: missed delivery. Reschedule with $2.99 fee at ups-redelivery-pay.com,phishing
344,"FedEx: package held, customs fee $4.99 at fedex-customs-clearance.net",phishing
345,Walgreens: prescription ready for $0 copay. Confirm at walgreens-rx-confirm.com,phishing
346,CVS Caremark: medication delivery delayed. Update card at cvs-rx-update-portal.net,phishing
347,Express Scripts: prescription billing failure. Pay at express-rx-billing.shop,phishing
348,Medicare: enrollment confirmation needed at medicare-gov-renew.org (fake),phishing
349,Social Security: benefits recalculation. Verify SSN at ssa-benefits-update.net,phishing
350,Department of Education: student loan forgiveness. Apply at edu-loan-forgive-portal.com,phishing
351,Sallie Mae: payment due overdue. Pay at salliemae-pay-portal.net,phishing
352,Navient: loan forbearance approval. Confirm at navient-forbearance-secure.com,phishing
353,Wells Fargo mortgage: payment failed. Update at wf-mortgage-portal.net,phishing
354,Quicken Loans: refi rate locked at 4.1%. Confirm at quicken-refi-lock.com,phishing
355,Rocket Mortgage: closing docs pending. Sign at rocket-mortgage-docs.net,phishing
356,Lending Tree: pre-approved $50K loan. Apply at lendingtree-loans-approved.shop,phishing
357,Avant: personal loan $25K offer. Accept at avant-loan-approval.com,phishing
358,SoFi: rate reduction eligibility. Apply at sofi-rate-reduce-portal.net,phishing
359,Marcus by Goldman: high-yield 5.5%. Open at marcus-savings-bonus.com,phishing
360,Robinhood: account verification required. Confirm at robinhood-account-verify.net,phishing
361,Webull: trading restriction notice. Unlock at webull-account-unlock.com,phishing
362,Fidelity: account compromised. Lock with credentials at fidelity-secure-portal.net,phishing
363,Vanguard: 401k rollover bonus. Activate at vanguard-rollover-bonus.com,phishing
364,Charles Schwab: trading suspended. Reactivate at schwab-trading-portal.net,phishing
365,E*TRADE: account upgrade free. Verify at etrade-account-upgrade.shop,phishing
366,TD Ameritrade: tax form ready. Download at td-ameritrade-tax-portal.com,phishing
367,Merrill Lynch: account statement available. Download at merrill-statement-portal.net,phishing
368,Morgan Stanley: wire transfer confirm at morganstanley-wire-portal.com,phishing
369,JPMorgan Chase: business account review. Submit at chase-business-review.net,phishing
370,American Express: account upgrade pending. Confirm at amex-upgrade-portal.shop,phishing
371,Discover Card: cashback bonus $250. Claim at discover-cashback-portal.com,phishing
372,Macy's: $100 gift card winner. Claim at macys-rewards-winner.net,phishing
373,Target: REDcard rewards $50. Activate at target-redcard-bonus.shop,phishing
374,Kohl's: $25 Kohl's cash expires. Use at kohls-cash-expire.com,phishing
375,Sephora: Beauty Insider 1000 points free. Claim at sephora-beauty-bonus.net,phishing
376,Ulta: $20 coupon for survey. Take at ulta-rewards-survey.shop,phishing
377,Nike: limited drop access. Confirm at nike-drop-access.com,phishing
378,Adidas: VIP early access. Activate at adidas-vip-early.net,phishing
379,Lululemon: gift card $75. Redeem at lulu-rewards-portal.shop,phishing
380,Patagonia: 30% off code for survey. Take at patagonia-survey-discount.com,phishing
381,REI: dividend $84 deposit pending. Confirm bank at rei-dividend-pay.net,phishing
382,"You're an ugly witch, pure envy, keep crying alone",toxicidad
383,"People with disabilities are a burden on society, they shouldn't be born",toxicidad
384,"You're a narcissistic liar, everyone should stay away from you",toxicidad
385,"You're a slut and a failure, the perfect combo of trash",toxicidad
386,@user you're mentally ill they should lock you up and throw the key,toxicidad
387,"I hope you die in an accident, the world would be better without people like you",toxicidad
388,Women like you deserve everything bad that happens to them,toxicidad
389,"Go back to your country, no one wants you here",toxicidad
390,"Kill yourself, you're worthless and no one would miss you",toxicidad
391,You're so fat no wonder no one loves you,toxicidad
392,Anyone supporting this is brain dead and should be removed from society,toxicidad
393,You're a stupid b*tch and deserve to be slapped,toxicidad
394,Your kids would be better off if you weren't their parent,toxicidad
395,"People of your race are all criminals, statistics don't lie",toxicidad
396,"You're disgusting, take a shower and get a real job",toxicidad
397,Hope your house burns down with you in it,toxicidad
398,"You're a waste of oxygen, just give up already",toxicidad
399,Trash like you should be deported back to where you came from,toxicidad
400,"Imagine being this pathetic at your age, embarrassing",toxicidad
401,"You're an embarrassment to your family, they must be ashamed",toxicidad
402,Gay people are an abomination and should not exist,toxicidad
403,"You sound like a moron, get an education before opening your mouth",toxicidad
404,Hope you get cancer and suffer slowly,toxicidad
405,You're so ugly even your mother probably hates you,toxicidad
406,People like you should be sterilized so you don't reproduce,toxicidad
407,You're a worthless human being and the world hates you,toxicidad
408,Shut up before someone shuts you up permanently,toxicidad
409,"Your existence is offensive, please disappear",toxicidad
410,Foreigners are ruining this country and need to leave now,toxicidad
411,Trans people are mentally ill and don't deserve rights,toxicidad
412,You're a fat ugly loser who'll die alone,toxicidad
413,I'd punch you in the face if I ever saw you,toxicidad
414,"Your opinion doesn't matter, you're a nobody",toxicidad
415,"Everyone hates you, you just don't know it yet",toxicidad
416,"You're the reason your dad left, accept it",toxicidad
417,Suicide is the only solution for people like you,toxicidad
418,Get back in the kitchen where women belong,toxicidad
419,Your kind of people are the cancer of this society,toxicidad
420,I hope someone beats you up so you learn your place,toxicidad
421,"You're an insufferable piece of garbage, kindly remove yourself",toxicidad
422,"Black people are inferior, science proves it",toxicidad
423,Muslims are all terrorists and should be banned,toxicidad
424,Jews control everything and ruin every country they enter,toxicidad
425,White trash like you should be eliminated,toxicidad
426,"Asians are emotionless robots, they don't have real feelings",toxicidad
427,You're a cuck and your wife is cheating on you for sure,toxicidad
428,"Disabled people drain resources, they're parasites",toxicidad
429,"You old hag, stop being relevant, your time is over",toxicidad
430,Children of single moms always grow up to be criminals,toxicidad
431,Religious nutjobs ruin everything for everyone else,toxicidad
432,"Atheists have no morals, they should be shunned",toxicidad
433,"Conservatives are sub-human, no debate",toxicidad
434,Liberals are mentally ill snowflakes who can't handle reality,toxicidad
435,"Boomers are the worst generation, they ruined the world",toxicidad
436,Gen Z are lazy entitled brats with no work ethic,toxicidad
437,Men who cry are pathetic and not real men,toxicidad
438,"Strong women are just bitter and ugly, that's why no man wants them",toxicidad
439,Veterans who can't get over their PTSD are weak,toxicidad
440,"Homeless people deserve their situation, they made bad choices",toxicidad
441,Poor people are poor because they're stupid and lazy,toxicidad
442,Rich people should all be killed and their wealth distributed,toxicidad
443,"Cops should be murdered, all of them deserve it",toxicidad
444,"Teachers are pedophiles, every single one",toxicidad
445,"Hope your daughter gets hurt, then you'll understand",toxicidad
446,You're so dumb you make plants look intelligent,toxicidad
447,Get the f*ck out of my country with your accent,toxicidad
448,"Female athletes are jokes, they should compete in their own league",toxicidad
449,Mental illness is just attention seeking from weak people,toxicidad
450,"ADHD is fake, people just need discipline",toxicidad
451,"Autistic people should be quarantined, they're dangerous",toxicidad
452,You're a freak of nature and need to be put down,toxicidad
453,"Trans women are men in dresses, they don't fool anyone",toxicidad
454,Gay marriage destroyed the institution of family,toxicidad
455,Lesbians just haven't found the right man yet,toxicidad
456,Bisexuals are confused and need therapy to pick a side,toxicidad
457,Asexuals are broken and need fixing,toxicidad
458,Plus size models promote obesity and should be banned,toxicidad
459,"Anorexics are just attention seekers, eat a burger",toxicidad
460,"Bald men are unattractive, just admit it",toxicidad
461,"Short men are angry because they're short, all of them",toxicidad
462,"Tall women look like men, no one finds it attractive",toxicidad
463,"You're a coward and a failure, your dad would be ashamed",toxicidad
464,Hope your mom dies in pain like she deserves,toxicidad
465,Burn in hell with the rest of your kind,toxicidad
466,"You're the worst human I've ever seen, congrats",toxicidad
467,Hope every bad thing happens to your family,toxicidad
468,Indigenous people are leeches living off taxpayers,toxicidad
469,Immigrants steal jobs from real Americans,toxicidad
470,Refugees should be sent back to die in their wars,toxicidad
471,Welfare recipients are scammers and should starve,toxicidad
472,"You sound r*tarded, please stop typing",toxicidad
473,Your face is a slur to humanity,toxicidad
474,"Nobody asked, nobody cares, kill yourself",toxicidad
475,"You're the village idiot, but the village is the whole internet",toxicidad
476,"Your IQ is the same as your shoe size, and that's generous",toxicidad
477,Karen-types like you should be tased on sight,toxicidad
478,"You're a Boomer trying to be relevant, it's pathetic",toxicidad
479,Hope someone runs you over with a truck slowly,toxicidad
480,"You're a snake, a backstabber, and a clown all at once",toxicidad
481,Trash humans like you don't deserve internet access,toxicidad
482,"Drug addicts are subhuman, let them die on the streets",toxicidad
483,People with eating disorders are vain and stupid,toxicidad
484,You're a sociopath and need to be in prison,toxicidad
485,Hope your business fails and you end up homeless,toxicidad
486,"Your generation ruined music, art, and society in general",toxicidad
487,"Old women should just shut up, no one cares about their opinion",toxicidad
488,You're a fat slob and a disgrace to your family,toxicidad
489,Hope your kids end up hating you like everyone else does,toxicidad
490,"You're a hag, an old bitter hag, that's why you're alone",toxicidad
491,"Burn your house down, no one would miss you",toxicidad
492,Hope you get fired and become homeless before next month,toxicidad
493,"You're an inbred hick, no wonder you can't think",toxicidad
494,Hillbillies like you should be illegal in cities,toxicidad
495,Big city snobs like you should be locked in a barn for a week,toxicidad
496,Your art looks like a child's vomit on canvas,toxicidad
497,You're an untalented hack who needs to find another career,toxicidad
498,Your writing is so bad I'd rather read static,toxicidad
499,Your music sounds like cats being tortured,toxicidad
500,"Hope your cat dies, you don't deserve pets",toxicidad
501,Animal abusers like you should be tortured the same way,toxicidad
502,Hope your house collapses on top of your whole family,toxicidad
503,You're a virus that needs to be eradicated from this app,toxicidad
504,Hope your face gets disfigured so you can't be smug anymore,toxicidad
505,You're the reason aliens won't visit Earth,toxicidad
506,Your kids should be taken away by CPS today,toxicidad
507,Hope someone takes your pets to teach you a lesson,toxicidad
508,You're a disgusting predator and I hope you rot in prison,toxicidad
